technology,survey_year,technology_users,eligible_respondents,adoption_rate,rank,yoy_pp_change_vs_prev_survey
SQL SERVER,year_1,628,1856,0.33836206896551724,1,
PostgreSQL,year_1,553,1856,0.2979525862068966,2,
MySQL,year_1,523,1856,0.2817887931034483,3,
S3,year_1,367,1856,0.19773706896551724,4,
Oracle,year_1,355,1856,0.19127155172413793,5,
Google BigQuery,year_1,340,1856,0.18318965517241378,6,
Databricks,year_1,232,1856,0.125,7,
Amazon Redshift,year_1,225,1856,0.12122844827586207,8,
MongoDB,year_1,216,1856,0.11637931034482758,9,
Amazon Athena,year_1,208,1856,0.11206896551724138,10,
Hive,year_1,163,1856,0.08782327586206896,11,
Amazon Aurora ou RDS,year_1,130,1856,0.07004310344827586,12,
ElasticSearch,year_1,108,1856,0.05818965517241379,13,
DynamoDB,year_1,101,1856,0.05441810344827586,14,
SQLite,year_1,91,1856,0.0490301724137931,15,
SAP,year_1,88,1856,0.04741379310344827,16,
SAP HANA,year_1,87,1856,0.046875,17,
Presto,year_1,84,1856,0.04525862068965517,18,
Microsoft Access,year_1,79,1856,0.04256465517241379,19,
Redis,year_1,72,1856,0.03879310344827586,20,
MariaDB,year_1,69,1856,0.037176724137931036,21,
Snowflake,year_1,64,1856,0.034482758620689655,22,
Firebase,year_1,63,1856,0.03394396551724138,23,
DB2,year_1,42,1856,0.022629310344827586,24,
HBase,year_1,34,1856,0.018318965517241378,25,
Cassandra,year_1,30,1856,0.016163793103448277,26,
Neo4J,year_1,27,1856,0.014547413793103448,27,
Google Firestore,year_1,26,1856,0.014008620689655173,28,
Splunk,year_1,19,1856,0.010237068965517241,29,
Firebird,year_1,16,1856,0.008620689655172414,30,
Sybase,year_1,15,1856,0.008081896551724138,31,
Datomic,year_1,5,1856,0.0026939655172413795,32,
CoachDB,year_1,2,1856,0.0010775862068965517,33,
Vertica,year_1,1,1856,0.0005387931034482759,34,
SQL SERVER,year_2,1209,3772,0.32051961823966063,1,-1.7842450725856607
PostgreSQL,year_2,1068,3772,0.2831389183457052,2,-1.481366786119137
Google BigQuery,year_2,983,3772,0.26060445387062564,3,7.741479869821186
MySQL,year_2,927,3772,0.24575821845174972,4,-3.6030574651698566
Databricks,year_2,807,3772,0.21394485683987274,5,8.894485683987273
S3,year_2,789,3772,0.2091728525980912,6,1.143578363257397
Oracle,year_2,686,3772,0.1818663838812301,7,-0.9405167842907819
Amazon Athena,year_2,451,3772,0.11956521739130435,8,0.749625187406297
MongoDB,year_2,428,3772,0.11346765641569459,9,-0.2911653929132993
Amazon Redshift,year_2,414,3772,0.10975609756097561,10,-1.1472350714886461
Hive,year_2,295,3772,0.07820784729586426,11,-0.9615428566204703
Amazon Aurora ou RDS,year_2,241,3772,0.06389183457051961,12,-0.6151268877756244
Snowflake,year_2,220,3772,0.05832449628844114,13,2.384173766775149
SAP HANA,year_2,211,3772,0.05593849416755037,14,0.9063494167550368
DynamoDB,year_2,208,3772,0.05514316012725345,15,0.07250566789775842
SQLite,year_2,179,3772,0.04745493107104984,16,-0.15752413427432624
ElasticSearch,year_2,149,3772,0.039501590668080594,17,-1.8688064504333197
Presto,year_2,139,3772,0.03685047720042418,18,-0.8408143489230996
Microsoft Access,year_2,129,3772,0.03419936373276776,19,-0.8365291439646032
MariaDB,year_2,124,3772,0.032873806998939555,20,-0.4302917138991481
Firebase,year_2,104,3772,0.027571580063626724,21,-0.6372385453614657
DB2,year_2,100,3772,0.026511134676564158,22,0.38818243317365714
Redis,year_2,100,3772,0.026511134676564158,22,-1.2281968771711707
Google Firestore,year_2,65,3772,0.0172322375397667,24,0.3223616850111528
Splunk,year_2,49,3772,0.012990455991516436,25,0.27533870259991955
Firebird,year_2,43,3772,0.011399787910922587,26,0.27790982557501737
Cassandra,year_2,42,3772,0.011134676564156946,27,-0.5029116539291331
Neo4J,year_2,34,3772,0.009013785790031814,28,-0.5533628003071633
Sybase,year_2,29,3772,0.0076882290562036056,29,-0.03936674955205329
HBase,year_2,24,3772,0.006362672322375398,30,-1.1956293194865981
Datomic,year_2,20,3772,0.005302226935312832,31,0.2608261418071452
Vertica,year_2,11,3772,0.0029162248144220574,32,0.23774317109737816
CoachDB,year_2,4,3772,0.0010604453870625664,33,-0.0017140819833985329
PostgreSQL,year_3,771,2096,0.3678435114503817,1,8.470459310467648
SQL SERVER,year_3,702,2096,0.3349236641221374,2,1.440404588247679
Databricks,year_3,689,2096,0.32872137404580154,3,11.47765172059288
S3,year_3,604,2096,0.2881679389312977,4,7.899508633320651
MySQL,year_3,598,2096,0.28530534351145037,5,3.9547125059700647
Google BigQuery,year_3,566,2096,0.2700381679389313,6,0.9433714068305676
Oracle,year_3,410,2096,0.19561068702290077,7,1.374430314167066
Amazon Athena,year_3,319,2096,0.15219465648854963,8,3.2629439097245276
MongoDB,year_3,310,2096,0.14790076335877864,9,3.443310694308405
SQLite,year_3,258,2096,0.12309160305343511,10,7.5636671982385275
Amazon Redshift,year_3,231,2096,0.11020992366412213,11,0.04538261031465235
Snowflake,year_3,191,2096,0.09112595419847329,12,3.2801457910032146
Amazon Aurora ou RDS,year_3,171,2096,0.08158396946564886,13,1.7692134895129246
Hive,year_3,160,2096,0.07633587786259542,14,-0.18719694332688386
DynamoDB,year_3,159,2096,0.07585877862595419,15,2.0715618498700747
Redis,year_3,130,2096,0.06202290076335878,16,3.551176608679462
SAP HANA,year_3,123,2096,0.05868320610687023,17,0.27447119393198616
ElasticSearch,year_3,121,2096,0.057729007633587785,18,1.822741696550719
MariaDB,year_3,91,2096,0.04341603053435115,19,1.0542223535411592
Microsoft Access,year_3,90,2096,0.042938931297709926,20,0.8739567564942166
Presto,year_3,88,2096,0.04198473282442748,21,0.5134255624003304
DB2,year_3,73,2096,0.03482824427480916,22,0.8317109598245005
Firebase,year_3,65,2096,0.03101145038167939,23,0.3439870318052665
Neo4J,year_3,40,2096,0.019083969465648856,24,1.0070183675617042
Google Firestore,year_3,37,2096,0.017652671755725192,25,0.042043421595849145
Firebird,year_3,31,2096,0.014790076335877863,26,0.33902884249552756
Cassandra,year_3,30,2096,0.01431297709923664,27,0.31783005350796945
Splunk,year_3,16,2096,0.007633587786259542,28,-0.5356868205256895
HBase,year_3,15,2096,0.00715648854961832,29,0.07938162272429225
Datomic,year_3,13,2096,0.006202290076335878,30,0.09000631410230461
Sybase,year_3,13,2096,0.006202290076335878,30,-0.14859389798677278
Vertica,year_3,7,2096,0.0033396946564885495,32,0.042346984206649216
CoachDB,year_3,6,2096,0.0028625954198473282,33,0.1802150032784762
